Name,E Mail,Date of Birth
Lois,lois.walker@hotmail.com,1981-03-03
Brenda,brenda.robinson@gmail.com,1970-07-31
Joe,joe.robinson@gmail.com,1963-06-16
Diane,diane.evans@yahoo.com,1977-12-04
Benjamin,benjamin.russell@charter.net,1977-04-17
Patrick,patrick.bailey@aol.com,1982-09-27
Nancy,nancy.baker@bp.com,1995-06-13
Carol,carol.murphy@gmail.com,1958-06-30
Frances,frances.young@gmail.com,1959-06-09
Diana,diana.peterson@hotmail.co.uk,1987-11-13
Ralph,ralph.flores@yahoo.com,1975-03-03
Jack,jack.alexander@gmail.com,1995-05-19
Melissa,melissa.king@comcast.net,1972-02-24
Wayne,wayne.watson@gmail.com,1996-06-26
Cheryl,cheryl.scott@gmail.com,1958-02-23
Paula,paula.diaz@gmail.com,1966-08-22
Joshua,joshua.stewart@yahoo.ca,1970-05-18
Theresa,theresa.lee@gmail.com,1992-12-05
Julia,julia.scott@apple.com,1959-07-15
Thomas,thomas.lewis@gmail.com,1967-10-04
Carol,carol.edwards@msn.com,1994-12-14
Matthew,matthew.turner@gmail.com,1993-10-26
Joan,joan.stewart@yahoo.com,1972-11-20
Ruby,ruby.rogers@gmail.com,1980-05-01
Carolyn,carolyn.hayes@hotmail.co.uk,1958-03-10
Anne,anne.russell@ibm.com,1989-07-29
Daniel,daniel.cooper@yahoo.com,1990-01-01
Roger,roger.roberts@gmail.com,1969-07-07
Maria,maria.walker@microsoft.com,1975-03-19
Brenda,brenda.butler@gmail.com,1963-12-06
Lillian,lillian.brown@aol.com,1981-05-12
Amy,amy.howard@aol.com,1981-06-16
Gregory,gregory.edwards@outlook.com,1993-08-31
Roy,roy.griffin@yahoo.com,1991-05-08
Richard,richard.mitchell@verizon.net,1993-07-28
Mary,mary.wilson@sbcglobal.net,1967-12-01
Aaron,aaron.price@bp.com,1969-02-10
Donna,donna.brown@aol.com,1983-09-14
Carl,carl.collins@yahoo.com,1973-12-22
Joyce,joyce.jenkins@aol.com,1961-08-22
Mary,mary.bryant@verizon.net,1962-06-21
Amanda,amanda.hughes@rediffmail.com,1982-07-29
Jack,jack.campbell@gmail.com,1985-01-04
Alan,alan.rivera@apple.com,1978-12-11
Elizabeth,elizabeth.jackson@aol.com,1964-08-15
Nancy,nancy.davis@ibm.com,1983-11-14
Ernest,ernest.martinez@gmail.com,1989-11-09
Judy,judy.hernandez@gmail.com,1961-03-25
Nancy,nancy.jones@gmail.com,1993-11-10
Pamela,pamela.wright@aol.com,1996-04-14
Larry,larry.miller@shell.com,1988-10-31
Ann,ann.coleman@ibm.com,1989-05-11
Judy,judy.gonzales@gmail.com,1959-06-17
Peter,peter.washington@bp.com,1982-11-06
Clarence,clarence.ross@apple.com,1960-12-13
Sharon,sharon.lopez@gmail.com,1991-05-04
Ann,ann.cooper@exxonmobil.com,1992-12-25
Anne,anne.perez@sbcglobal.net,1958-05-05
Nancy,nancy.howard@gmail.com,1961-05-05
Antonio,antonio.roberts@hotmail.com,1995-08-27
Frances,frances.watson@outlook.com,1961-01-30
Debra,debra.wood@hotmail.com,1969-10-30
Henry,henry.jenkins@hotmail.com,1984-11-06
Melissa,melissa.butler@hotmail.com,1994-11-14
Todd,todd.hall@yahoo.com,1991-08-31
Christopher,christopher.nelson@aol.com,1960-03-29
Andrea,andrea.garcia@aol.com,1985-07-06
Jeremy,jeremy.sanchez@hotmail.com,1965-02-05
Steven,steven.phillips@hotmail.com,1986-09-12
Cynthia,cynthia.ramirez@btinternet.com,1982-09-22
Jason,jason.anderson@gmail.com,1974-01-03
Cynthia,cynthia.white@gmail.com,1963-06-15
Margaret,margaret.brooks@gmail.com,1992-06-27
Douglas,douglas.flores@gmail.com,1986-04-21
Paul,paul.watson@hotmail.com,1959-03-09
Linda,linda.moore@gmail.com,1991-08-18
Cheryl,cheryl.miller@ntlworld.com,1985-04-20
Martha,martha.washington@aol.com,1991-03-28
William,william.hernandez@rediffmail.com,1967-07-22
Carolyn,carolyn.price@yahoo.com,1976-05-30
Ruby,ruby.stewart@gmail.com,1968-10-23
Paul,paul.cooper@gmail.com,1991-08-12
Ernest,ernest.washington@msn.com,1984-10-28
Dorothy,dorothy.edwards@hotmail.co.uk,1984-01-19
Ryan,ryan.alexander@shell.com,1993-08-01
Lillian,lillian.mitchell@shaw.ca,1974-10-23
Kelly,kelly.adams@bp.com,1975-05-23
Jimmy,jimmy.howard@yahoo.com,1966-11-27
Margaret,margaret.allen@gmail.com,1981-09-08
Janet,janet.henderson@ntlworld.com,1979-12-24
Eugene,eugene.perez@exxonmobil.com,1979-10-06
Deborah,deborah.smith@yahoo.com,1977-10-31
Janice,janice.parker@yahoo.com,1980-01-12
Rebecca,rebecca.stewart@gmail.com,1961-08-11
Phillip,phillip.white@gmail.com,1978-03-04
Jose,jose.hill@hotmail.com,1994-10-08
Harold,harold.nelson@gmail.com,1984-12-24
Nicole,nicole.ward@yahoo.com,1964-12-12
Theresa,theresa.murphy@gmail.com,1987-12-30
Tammy,tammy.young@comcast.net,1979-03-22
